Workbook

Sheet Test Cases
A1: Test Case ID | B1: Test Scenario | C1: Module / Feature | D1: Priority | E1: Pre-conditions | F1: Test Steps | G1: Test Data | H1: Expected Result | I1: Actual Result | J1: Status | K1: Remarks
A2: TC-001 | B2: Registration with valid details | C2: Registration | D2: High | E2: Application is running | F2: 1. Open Registration page. 2. Enter valid Name, Email and Password. 3. Click Register. | G2: Name: Prem Kathayat Email: prem@gmail.com Password: Prem@123 | H2: User account is created successfully and redirected to the login page. | I2: User account created successfully and redirected to login page. | J2: Pass | K2: Working as expected
A3: TC-002 | B3: Registration with existing email | C3: Registration | D3: High | E3: An account with the email already exists | F3: 1. Open Registration page. 2. Enter an already registered email. 3. Click Register. | G3: Email: prem@gmail.com | H3: System should display "Email already exists." | I3: Error message displayed correctly. | J3: Pass | K3: Duplicate validation works
A4: TC-003 | B4: Registration with empty required fields | C4: Registration | D4: High | E4: Application is running | F4: 1. Open Registration page. 2. Leave all fields blank. 3. Click Register. | G4: Empty fields | H4: Validation messages should appear for all required fields. | I4: Validation messages displayed correctly. | J4: Pass | K4: Required field validation passed
A5: TC-004 | B5: Registration with invalid email format | C5: Registration | D5: High | E5: Application is running | F5: 1. Enter invalid email format. 2. Fill remaining fields. 3. Submit the form. | G5: Email: premgmail.com | H5: System should display "Invalid email address." | I5: Invalid email validation displayed. | J5: Pass | K5: Email validation successful
A6: TC-005 | B6: Registration with weak password | C6: Registration | D6: High | E6: Application is running | F6: 1. Enter a password shorter than the minimum requirement. 2. Submit the form. | G6: Password: 12345 | H6: System should reject the password and display an appropriate validation message. | I6: Password validation displayed successfully. | J6: Pass | K6: Password policy enforced
A7: TC-006 | B7: Registration with password confirmation mismatch (if applicable) | C7: Registration | D7: High | E7: Application is running | F7: 1. Enter different Password and Confirm Password values. 2. Submit the form. | G7: Password: Prem@123 Confirm Password: Prem@456 | H7: System should display "Passwords do not match." | I7: Validation message displayed correctly. | J7: Pass | K7: Password confirmation validation works
A8: TC-007 | B8: Login with valid credentials | C8: Login | D8: High | E8: User account is already registered and application is running | F8: 1. Open the Login page. 2. Enter a valid email and password. 3. Click Login. | G8: Email: prem@gmail.com Password: Prem@123 | H8: User is authenticated successfully and redirected to the home/chat page. | I8: User logged in successfully and redirected to the chat dashboard. | J8: Pass | K8: Login functionality works correctly.
A9: TC-008 | B9: Login with invalid password | C9: Login | D9: High | E9: Registered user exists | F9: 1. Open the Login page. 2. Enter a valid email and incorrect password. 3. Click Login. | G9: Email: prem@gmail.com Password: Wrong@123 | H9: System should display "Invalid credentials" and prevent login. | I9: Error message displayed and login denied. | J9: Pass | K9: Password validation works correctly.
A10: TC-009 | B10: Login with unregistered email | C10: Login | D10: High | E10: Application is running | F10: 1. Open the Login page. 2. Enter an email that is not registered. 3. Enter any password. 4. Click Login. | G10: Email: test123@gmail.com Password: Prem@123 | H10: System should display "User not found" or "Invalid credentials". | I10: Appropriate error message displayed. | J10: Pass | K10: Unregistered users cannot log in.
A11: TC-010 | B11: Login with empty email and password | C11: Login | D11: High | E11: Application is running | F11: 1. Open the Login page. 2. Leave both fields empty. 3. Click Login. | G11: Email: (blank) Password: (blank) | H11: System should display validation messages indicating that required fields are missing. | I11: Validation messages displayed successfully. | J11: Pass | K11: Required field validation passed.
A12: TC-011 | B12: Login with invalid email format | C12: Login | D12: High | E12: Application is running | F12: 1. Open the Login page. 2. Enter an invalid email format. 3. Enter a valid password. 4. Click Login. | G12: Email: premgmail.com Password: Prem@123 | H12: System should display "Invalid email format" and prevent login. | I12: Invalid email validation displayed successfully. | J12: Pass | K12: Email format validation works correctly.
... A39: TC-038 | B39: Unauthorized user cannot access another user's chat | C39: Security | D39: High | E39: Two different user accounts exist | F39: Try to access another user's conversation directly through the URL or API. | G39: Different User ID | H39: Access should be denied. | I39: Access denied successfully. | J39: Pass | K39: Authorization works correctly.

Sheet Dashboard
B2: QA Test Execution Dashboard
B3: Summary of Test Execution Results & Module Metrics
B5: Total Test Cases | D5: Passed Tests | F5: Pass Rate
B6: =COUNTA('Test Cases'!A2:A39) -> 38 | D6: =COUNTIF('Test Cases'!J2:J39, "Pass") -> 38 | F6: =D6/B6 -> 1
B9: Module Breakdown
B11: Module / Feature | C11: Total Tests | D11: Passed | E11: Failed | F11: Success Rate
B12: Registration | C12: =COUNTIF('Test Cases'!C$2:C$39, B12) -> 6 | D12: =COUNTIFS('Test Cases'!C$2:C$39, B12, 'Test Cases'!J$2:J$39, "Pass") -> 6 | E12: =C12-D12 -> 0 | F12: =D12/C12 -> 1
B13: Login | C13: =COUNTIF('Test Cases'!C$2:C$39, B13) -> 6 | D13: =COUNTIFS('Test Cases'!C$2:C$39, B13, 'Test Cases'!J$2:J$39, "Pass") -> 6 | E13: =C13-D13 -> 0 | F13: =D13/C13 -> 1
B14: Profile | C14: =COUNTIF('Test Cases'!C$2:C$39, B14) -> 4 | D14: =COUNTIFS('Test Cases'!C$2:C$39, B14, 'Test Cases'!J$2:J$39, "Pass") -> 4 | E14: =C14-D14 -> 0 | F14: =D14/C14 -> 1
B15: Search | C15: =COUNTIF('Test Cases'!C$2:C$39, B15) -> 3 | D15: =COUNTIFS('Test Cases'!C$2:C$39, B15, 'Test Cases'!J$2:J$39, "Pass") -> 3 | E15: =C15-D15 -> 0 | F15: =D15/C15 -> 1
B16: Chat | C16: =COUNTIF('Test Cases'!C$2:C$39, B16) -> 8 | D16: =COUNTIFS('Test Cases'!C$2:C$39, B16, 'Test Cases'!J$2:J$39, "Pass") -> 8 | E16: =C16-D16 -> 0 | F16: =D16/C16 -> 1
B17: Socket.IO | C17: =COUNTIF('Test Cases'!C$2:C$39, B17) -> 5 | D17: =COUNTIFS('Test Cases'!C$2:C$39, B17, 'Test Cases'!J$2:J$39, "Pass") -> 5 | E17: =C17-D17 -> 0 | F17: =D17/C17 -> 1
B18: Authentication | C18: =COUNTIF('Test Cases'!C$2:C$39, B18) -> 2 | D18: =COUNTIFS('Test Cases'!C$2:C$39, B18, 'Test Cases'!J$2:J$39, "Pass") -> 2 | E18: =C18-D18 -> 0 | F18: =D18/C18 -> 1
B19: Security | C19: =COUNTIF('Test Cases'!C$2:C$39, B19) -> 4 | D19: =COUNTIFS('Test Cases'!C$2:C$39, B19, 'Test Cases'!J$2:J$39, "Pass") -> 4 | E19: =C19-D19 -> 0 | F19: =D19/C19 -> 1
B20: Total | C20: =SUM(C12:C19) -> 38 | D20: =SUM(D12:D19) -> 38 | E20: =SUM(E12:E19) -> 0 | F20: =D20/C20 -> 1
